Suzuki GS 750E,1983,61400 km,nožni menjalnik,5.800 €
Ducati Diavel 1260,2019,1400 km,ročni menjalnik,16.990 €
BMW S1000XR GARANCIJA ENO LETO S 1000 XR,2015,67000 km,nožni menjalnik,10.650 €
Kawasaki NINJA 650 ABS,2017,10200 km,nožni menjalnik,5.300 €
Honda NC750XA ODLIČNA,2020,4640 km,ročni menjalnik,6.890 €
BMW R 1250 RT - vsa oprema - SLO,2019,15809 km,polavtomatski menjalnik,19.690 €
BMW R1200rt ,2005,116000 km,ročni menjalnik,5.200 €
Yamaha FZ8 SA FAZER ABS,2011,35000 km,nožni menjalnik,5.900 €
Husqvarna ,2019,80 km,nožni menjalnik,4.750 €
Xmotos cross,2011,100 km,ročni menjalnik,650 €
Beta evo 300 factory,2013,1000 km,nožni menjalnik,3.100 €
Honda CBR,2011,40000 km,nožni menjalnik,4.500 €
Honda NC700SA ABS A2kategorija  SLO HITRI KREDIT,2013,38000 km,ročni menjalnik,3.699 €
Honda Vt 600 shadow,2001,23000 km,nožni menjalnik,3.350 €
Yamaha FAZER 1000,2003,75584 km,nožni menjalnik,3.000 €
Yamaha YZ 125,2001,30 km,nožni menjalnik,2.275 €
Yamaha Fz8n,2010,32500 km,nožni menjalnik,5.300 €
Yamaha VMX 1200 V-MAX- LASER-ODLIČEN,1994,37491 km,ročni menjalnik,6.900 €
BMW F 800 R-ABS-ODLIČEN,2010,90250 km,ročni menjalnik,3.550 €
Ducati MONSTER 1200S  SLO KOT NOV  FINANCIRANJE,2016,22000 km,nožni menjalnik,9.990 €
KTM EXC 350 HOMOLOGIRAN ,2013,120 km,nožni menjalnik,4.875 €
Yamaha MT 03 KOT NOVA- A2-NA KREDIT,2011,41002 km,ročni menjalnik,3.590 €
Beta 300 x-trainer HOMOLOGIRANA,2020,70 km,nožni menjalnik,6.875 €
KTM EXC 250 HOMOLOGIRAN ,2019,160 km,nožni menjalnik,7.875 €
Benelli TRK 502 X  A2 KAT.Garancija  HITRI KREDIT,2020,19000 km,nožni menjalnik,5.399 €
Rieju MRX 50,2008,13000 km,nožni menjalnik,1.200 €
Honda CRF 250,2010,35 km,ročni menjalnik,2.400 €
KTM Sxf 250,2015,12949 km,ročni menjalnik,14.990 €
Aprilia RS 125 replica 22 kW,2003,17370 km,nožni menjalnik,2.900 €
Honda Crf 450r,2015,30 km,ročni menjalnik,3.090 €
KTM Exc350f,2020,130 km,nožni menjalnik,7.300 €
KTM 690 smc,2012,28000 km,nožni menjalnik,6.000 €
BMW 1200 gs,2011,120000 km,ročni menjalnik,8.900 €
BMW S 1000 XR ESA ZNIŽAN,2016,79240 km,nožni menjalnik,10.780 €
Aprilia Shiver 750 ABS,2019,16000 km,ročni menjalnik,5.500 €
MotoGuzzi Stelvio 12004V,2008,63450 km,nožni menjalnik,4.780 €
Honda Cbr 600f,2001,4300 km,ročni menjalnik,1.700 €
Suzuki V-STROM 1000 XT ABS TC 1 LASTNIK KOT NOVI,2019,19049 km,nožni menjalnik,8.990 €
Honda CBF 1000 FA ... SAMO 14000km,2010,14058 km,nožni menjalnik,6.500 €
Honda CB 1000 R ABS TC EB odlična,2018,12395 km,nožni menjalnik,9.750 €
Triumph Rocket 3,2007,38000 km,nožni menjalnik,10.300 €
Honda NC700SA ABS 35 kw odlična,2013,20650 km,nožni menjalnik,3.690 €
Honda CBR 650 FA  ABS SPECIAL EDITION Odlična,2016,13807 km,nožni menjalnik,5.190 €
MOTO Loncin,2022,200 km,ročni menjalnik,650 €
Kawasaki Z1000,2009,37000 km,nožni menjalnik,4.600 €
BMW R 1150 RT,2002,98000 km,nožni menjalnik,2.800 €
Honda xl 650 transalp,2005,48000 km,nožni menjalnik,2.800 €
Kawasaki versys 650,2009,68200 km,nožni menjalnik,2.500 €
Oldtimer Horex Regina,2002,16000 km,nožni menjalnik,12.000 €
KTM SXF 350,2017,245 km,nožni menjalnik,4.300 €
KTM SX150,2010,27000 km,ročni menjalnik,4.150 €
BMW R 1200 GS,2011,69000 km,ročni menjalnik,8.500 €
Yamaha yzf r 125,2013,35080 km,nožni menjalnik,2.700 €
Ducati Panigale 1199 -opreme za 12 tisoc eur,2013,24300 km,ročni menjalnik,13.800 €
Honda CBR 600 RR + kombinezon,2004,45000 km,nožni menjalnik,3.700 €
Xmotos Loncin 125,2017,120 km,ročni menjalnik,480 €
Yamaha YZF 250,2017,124 km,nožni menjalnik,3.520 €
Yamaha SCR950,2020,7728 km,nožni menjalnik,7.900 €
Suzuki RMZ 450,2007,115 km,nožni menjalnik,5.250 €
Honda Magna vf 750c,2000,1 km,nožni menjalnik,5.400 €
Kawasaki klx 125,2011,45000 km,nožni menjalnik,2.300 €
Husqvarna Sm 610,2003,100 km,nožni menjalnik,1.700 €
Kawasaki ER 500 A,1999,54555 km,nožni menjalnik,1.350 €
Husqvarna 701 Enduro rally,2021,3700 km,polavtomatski menjalnik,12.000 €
Husqvarna Tc 85,2015,30 km,nožni menjalnik,2.799 €
BMW Rt 1150,2003,75000 km,nožni menjalnik,3.650 €
Aprilia Tuono V4 1100 RR,2018,29400 km,polavtomatski menjalnik,10.600 €
Suzuki gsxr 600,2011,24800 km,ročni menjalnik,6.900 €
Honda NC750,2020,2170 km,ročni menjalnik,6.900 €
KTM EXC 300 ,2014,3000 km,ročni menjalnik,5.100 €
Honda cb 500,2000,42000 km,nožni menjalnik,1.200 €
Yamaha Yz,2006,13810 km,nožni menjalnik,1.200 €
Suzuki ,2003,62300 km,nožni menjalnik,2.700 €
MotoGuzzi 850 T5,1984,34000 km,nožni menjalnik,3.950 €
Honda Varadero XL 1000,2004,63639 km,nožni menjalnik,3.900 €
Yamaha YZF - R6,2002,42730 km,nožni menjalnik,2.200 €
Jawa ČZ 250 SPORT,1970,20000 km,nožni menjalnik,1.300 €
Yamaha Mt 07,2015,29000 km,ročni menjalnik,4.500 €
Yamaha XJ 700 Maxim,1985,47000 km,ročni menjalnik,2.390 €
Honda CBR650FA NOVE GUME ODLIČNA HITRI KREDIT,2015,38000 km,nožni menjalnik,5.590 €
Kawasaki Kxf450,2015,21000 km,nožni menjalnik,7.000 €
Suzuki GSX-S 1000ABS TC 1.LAST. NOVE GUME HITRI KREDIT,2015,43500 km,nožni menjalnik,7.890 €
Yamaha MT 07 ABS GARANCIJA  ODLIČNA HITRI KREDIT,2020,16000 km,polavtomatski menjalnik,6.100 €
Yamaha Scr 950,2019,3900 km,nožni menjalnik,7.550 €
Yamaha XV 535.HITRI KREDIT,2002,50100 km,ročni menjalnik,3.150 €
Husqvarna Fc350 možna menjava in,2019,87 km,nožni menjalnik,4.500 €
Sherco SE 300 F -AKRAPOVIC- FACTORY-,2015,180 km,ročni menjalnik,4.690 €
KTM 450sxf,2019,98 km,nožni menjalnik,4.500 €
Husqvarna CR50,2016,30 km,avtomatski menjalnik,1.700 €
Yamaha 450- NOVE GUME + VERIŽNI  SET-MOZNE MENJAVE ,2006,22 km,ročni menjalnik,1.990 €
Honda VFR VTEC 800,2006,65000 km,ročni menjalnik,2.500 €
Suzuki V strom,2004,55000 km,nožni menjalnik,2.900 €
BMW s 1000 r,2014,35500 km,nožni menjalnik,7.990 €
Yamaha R6,2006,54550 km,ročni menjalnik,4.999 €
Yamaha FZ-6 ODLICNO OHRANJENA,2005,64000 km,ročni menjalnik,1.990 €
Yamaha YZF R1 ,2008,30000 km,ročni menjalnik,6.800 €
Honda CBF 600S ABS MIVV ,2009,43000 km,ročni menjalnik,3.450 €
Kawasaki ER-6F GPR KOT NOV,2006,42000 km,ročni menjalnik,2.600 €
Yamaha FZ-8 AKRAPOVIC KOT NOVA,2012,53000 km,ročni menjalnik,4.790 €
Yamaha MT-09 TRACER ABS TCS 1 LASTNIK SLO,2015,37000 km,ročni menjalnik,7.530 €
Ducati 939 S SUPER SPORT-SLO.UGODNO,2017,24000 km,polavtomatski menjalnik,9.999 €
Honda Cb 1300 ,2003,64000 km,ročni menjalnik,4.990 €
Suzuki GSF 1200 S,2001,46515 km,nožni menjalnik,2.290 €
Kawasaki KLR600s,1986,25000 km,nožni menjalnik,950 €
TM Racing Mx 144,2014,30 km,nožni menjalnik,3.000 €
Beta Beta evo 125,2017,28000 km,nožni menjalnik,5.890 €
BMW R 1200 gs,2012,70000 km,nožni menjalnik,9.990 €
Suzuki Gsx1000s,2016,32500 km,ročni menjalnik,8.000 €
BMW R 1200 GS rally,2012,55600 km,nožni menjalnik,11.000 €
Kawasaki Er6n,2007,17200 km,nožni menjalnik,2.590 €
Yamaha Yzf 250,2015,35 km,polavtomatski menjalnik,3.000 €
KTM Exc 300 ,2012,10200 km,nožni menjalnik,4.000 €
Honda Hornet 900 Možnost menjave,2002,53000 km,nožni menjalnik,2.450 €
Hyosung GT 650 S,2006,8100 km,nožni menjalnik,1.600 €
Kawasaki KX85,2003,1 km,nožni menjalnik,1.200 €
Yamaha fz6 N,2005,54995 km,nožni menjalnik,2.100 €
Kawasaki ,2009,12000 km,ročni menjalnik,2.800 €
Harley-Davidson Iron 883,2012,25000 km,nožni menjalnik,11.000 €
Yamaha FZn 600,2004,89000 km,nožni menjalnik,1.999 €
MotoGuzzi V7 III RACER 10ZH ANNIVERSARY,2021,4619 km,ročni menjalnik,7.790 €
Honda CR 85 R,2007,35 km,nožni menjalnik,1.600 €
Honda XRV 750N AFRICA TWIN,1992,85000 km,nožni menjalnik,3.000 €
KTM Sxf 350,2016,87 km,nožni menjalnik,4.290 €
Honda crf 1000,2020,17000 km,ročni menjalnik,11.500 €
Suzuki ,1972,1 km,nožni menjalnik,1.800 €
Sherco Factory 300,2020,150 km,nožni menjalnik,7.500 €
Husqvarna Te 510,2008,8800 km,nožni menjalnik,2.100 €
Yamaha R1 YART,2008,2700 km,polavtomatski menjalnik,Pokličite za ceno!
Suzuki GSXR 750 Pista Cesta,2007,13000 km,ročni menjalnik,6.000 €
KTM EXC 350 ,2018,200 km,ročni menjalnik,4.050 €
BMW R 1200 GS,2019,15200 km,nožni menjalnik,16.550 €
Aprilia CAPONORD 1200 ABS,2015,70500 km,nožni menjalnik,6.490 €
Ducati Scrambler,2015,24200 km,nožni menjalnik,6.250 €
Yamaha TRACER 900,2015,32000 km,nožni menjalnik,8.000 €
Ducati NCR PANTAH 600,1980,5000 km,ročni menjalnik,6.200 €
Cagiva Riva 500,2008,9000 km,ročni menjalnik,1.600 €
Kawasaki 454 ltd,1985,25000 km,nožni menjalnik,1.400 €
Suzuki rmz 450,2007,26000 km,nožni menjalnik,1.100 €
Husqvarna FC 350,2021,15 km,ročni menjalnik,6.500 €
Yamaha Yzf r125,2018,12500 km,nožni menjalnik,3.500 €
Honda CRF250,2013,40900 km,nožni menjalnik,4.990 €
Aprilia Pegaso 650,1999,66200 km,nožni menjalnik,1.100 €
Kawasaki KXF 250,2011,8400 km,nožni menjalnik,1.800 €
Honda VFR1200X ABS TC CROSSTOURER VFR 1200 X AUTOMATIC,2013,18100 km,avtomatski menjalnik,8.600 €
Honda VFR1200F ABS VRF 1200 F AUTOMATIC,2010,42700 km,avtomatski menjalnik,6.350 €
BMW R1200GS ADVENTURE R 1200 GS ,2014,68100 km,nožni menjalnik,12.990 €
MV Agusta Brutale 750,2005,34000 km,nožni menjalnik,3.500 €
Kawasaki ,2005,56500 km,polavtomatski menjalnik,2.750 €
Yamaha Yfz450 GYTR oprema,2018,50000 km,nožni menjalnik,2.500 €
Honda CB 900 F HORNET LEO VINCE CB900F HORNET,2003,44000 km,nožni menjalnik,2.990 €
Honda Crf 250r yoshimura,2014,28000 km,nožni menjalnik,5.190 €
Yamaha ,2008,122 km,nožni menjalnik,2.500 €
Honda CB 900 F Hornet,2009,60000 km,nožni menjalnik,2.100 €
Husqvarna fe 350-homologirana,2015,7240 km,ročni menjalnik,4.200 €
Honda Crf 450 ,2016,1 km,nožni menjalnik,2.780 €
Yamaha YZF R6,2006,20000 km,ročni menjalnik,3.100 €
Aprilia Caponord 1200 Rally,2018,6400 km,nožni menjalnik,12.500 €
Kawasaki ER6F financiranje,2007,45300 km,nožni menjalnik,2.680 €
Honda Hornet Cb 600f,1999,55000 km,ročni menjalnik,1.150 €
Yamaha XT 660X,2008,16450 km,polavtomatski menjalnik,10.890 €
Suzuki XF 650,2000,47200 km,ročni menjalnik,900 €
Honda GOLD WING 1800,2005,218000 km,nožni menjalnik,Pokličite za ceno!
MZ 250 etz,1987,50000 km,ročni menjalnik,450 €
KTM EXC 350F,2017,227 km,nožni menjalnik,5.950 €
Honda CBR 1000 RA,2014,20200 km,nožni menjalnik,10.999 €
Honda CRF450R ÖHLINS,2016,43171 km,nožni menjalnik,4.390 €
Honda NC 750 XA ABS odlična,2016,24440 km,nožni menjalnik,5.190 €
BMW G 310 GS ABS 1 LASTNIK KOT NOVI,2021,1132 km,nožni menjalnik,5.090 €
Yamaha Yzf r125,2015,18923 km,nožni menjalnik,3.100 €
Honda Deauville,2001,68500 km,nožni menjalnik,1.600 €
BMW R25 2,1953,33234 km,nožni menjalnik,7.800 €
Puch 175 SV,1956,10 km,nožni menjalnik,Pokličite za ceno!
Honda CRF 250,2020,1 km,ročni menjalnik,5.690 €
BMW R 1200 RT,2018,27500 km,nožni menjalnik,15.990 €
Aprilia RSV mile,2000,32000 km,nožni menjalnik,3.250 €
Honda CRF 450,2020,1 km,nožni menjalnik,5.900 €
KTM 990 super duke,2006,48000 km,ročni menjalnik,3.500 €
KTM Sxf 350,2015,32200 km,ročni menjalnik,3.650 €
Ducati 939 SUPERSPORT S,2017,20043 km,nožni menjalnik,8.600 €
Yamaha YZF 250 hgs,2016,157 km,nožni menjalnik,3.500 €
Kawasaki NINJA 650 ABS,2019,12890 km,nožni menjalnik,6.500 €
BMW F800R F 800 R,2010,47100 km,nožni menjalnik,2.900 €
Suzuki C 800 INTRUDER-KOT NOV-SLO-1 LASTNIK,2014,50050 km,ročni menjalnik,6.450 €
Yamaha YZF R6 SLO-ODLIČNA,2004,69750 km,ročni menjalnik,3.190 €
Honda Africa Twin-kot nova,2018,26500 km,nožni menjalnik,10.500 €
Honda CBR 250 R HRC-ABS-SAMO 5.900 KM-KOT NOVA,2015,5937 km,ročni menjalnik,2.990 €
Yamaha Fz1,2007,66811 km,ročni menjalnik,4.500 €
Yamaha fejzer,2000,60986 km,nožni menjalnik,1.100 €
Husqvarna FE350 ,2018,181 km,ročni menjalnik,5.850 €
Kawasaki ,2004,35000 km,nožni menjalnik,2.000 €
BMW K 1600 GTL K1600GTL,2011,73315 km,nožni menjalnik,10.990 €
Suzuki GSR,2011,23220 km,nožni menjalnik,3.999 €
Suzuki GSXF,2006,45000 km,nožni menjalnik,2.800 €
BMW K1600GT K 1600 GT,2018,36419 km,polavtomatski menjalnik,19.990 €
Kawasaki Z900 ABS TFT NOVI MODEL KREDIT,2020,11000 km,nožni menjalnik,8.400 €
BMW R1200R LC R 1200 R,2015,25650 km,polavtomatski menjalnik,9.990 €
BMW R1200RT 2011,2011,40158 km,nožni menjalnik,10.500 €
Yamaha Mt 125,2019,6017 km,nožni menjalnik,3.900 €
Yamaha FZ1 S Fazer,2008,38450 km,nožni menjalnik,4.750 €
Husqvarna FC 450 ,2016,114 km,ročni menjalnik,3.150 €
Suzuki V strom,2012,44700 km,nožni menjalnik,5.400 €
CF Moto ,2009,2500 km,avtomatski menjalnik,800 €
Husqvarna FE 350 -HOMOLOGIRAN-,2019,130 km,ročni menjalnik,6.900 €
KTM Super Adventure 1290,2020,8800 km,polavtomatski menjalnik,14.500 €
Tomos Puch 175 SV,1957,3580 km,nožni menjalnik,1.250 €
Stomp Stomp WPB BEAST 190,2021,15 km,nožni menjalnik,1.450 €
Honda CRF 1000 Africa Twin 2019 KOT NOVA,2019,16600 km,ročni menjalnik,10.390 €
BMW R 1150 GS,2000,78000 km,nožni menjalnik,5.540 €
BMW F800 gs,2016,43000 km,nožni menjalnik,7.900 €
KTM 690,2010,32300 km,nožni menjalnik,5.990 €
Honda Cbr 125 r,2013,25000 km,nožni menjalnik,1.700 €
Yamaha MT-09 TRACER,2015,32173 km,nožni menjalnik,7.400 €
Beta rr 125 2t,2021,135 km,nožni menjalnik,7.500 €
MOTO Pit bike 125cc,2021,11740 km,avtomatski menjalnik,749 €
KTM Sx 85,2020,135 km,ročni menjalnik,4.100 €
Honda XL 700 TRANSALP,2011,54975 km,ročni menjalnik,3.650 €
Sym NH T 125,2019,13023 km,ročni menjalnik,1.890 €
Suzuki RM-Z 250,2012,10 km,nožni menjalnik,2.750 €
KTM DUKE 390 ABS,2015,28466 km,nožni menjalnik,3.290 €
KTM Sx 125 2000,2000,32 km,ročni menjalnik,6.100 €
Kawasaki VERSYS 650 ABS,2016,46400 km,nožni menjalnik,6.300 €
BMW S1000XR ABS TC ESA S 1000 XR,2015,43900 km,nožni menjalnik,11.990 €
Honda Cbr 600 f MENJAM,1999,40000 km,ročni menjalnik,4.350 €
Kawasaki Versys 1000 gt,2012,34000 km,nožni menjalnik,6.950 €
KTM 300 Exc,2021,110 km,nožni menjalnik,6.300 €
KTM ,2017,131 km,nožni menjalnik,4.590 €
NSU Pretis 175,1963,1000 km,ročni menjalnik,700 €
Yamaha YZF 450,2020,2 km,ročni menjalnik,5.000 €
Suzuki RMZ 250,2017,20 km,ročni menjalnik,3.700 €
Yamaha YZF 450,2015,6 km,ročni menjalnik,3.150 €
Yamaha Yz 125,2021,50 km,nožni menjalnik,6.250 €
Honda CRF 250,2020,77 km,ročni menjalnik,5.900 €
Honda CBF 600 ABS SLO,2009,91000 km,ročni menjalnik,2.950 €
Honda CBR XX1100 SuperBlackBird,1999,66538 km,nožni menjalnik,2.300 €
Yamaha MT 03 - 660,2006,15000 km,nožni menjalnik,2.500 €
YCF Bigy,2017,75 km,nožni menjalnik,1.230 €
Yamaha Midnaihtstar 1900xvs,2014,32457 km,nožni menjalnik,16.450 €
Aprilia Sx 50,2020,3300 km,nožni menjalnik,2.700 €
BMW R 1200 RT ABS TCS RDC,2012,116183 km,nožni menjalnik,6.400 €
BMW 650 GS f,2003,46860 km,nožni menjalnik,2.490 €
KTM SXF350 Tony Cairoli,2012,170 km,nožni menjalnik,3.200 €
Honda CRF 450R,2010,210 km,nožni menjalnik,2.500 €
Aprilia ,1999,11111 km,ročni menjalnik,320 €
BMW R 1150 RT,2002,92932 km,nožni menjalnik,4.000 €
Dnepr K750,1967,30000 km,nožni menjalnik,4.990 €
Suzuki GSX R 1000 K3,2003,40000 km,nožni menjalnik,Pokličite za ceno!
BMW R 1200 GSA Adv Triple black Martin edition,2012,86300 km,nožni menjalnik,10.900 €
Honda CBR,2004,88870 km,nožni menjalnik,2.200 €
Honda CBF1000,2008,50000 km,ročni menjalnik,4.000 €
BMW RT 1150,2003,93400 km,nožni menjalnik,3.450 €
KTM SX 250 CAIROLI HGS,2015,65 km,nožni menjalnik,3.890 €
Aprilia Dorsoduro 1200,2012,31800 km,nožni menjalnik,6.600 €
Yamaha Xt1200ze,2015,84000 km,nožni menjalnik,10.300 €
Yamaha R1 LETNIK 2006,2006,40000 km,nožni menjalnik,Pokličite za ceno!
Husqvarna TC 50,2021,60 km,ročni menjalnik,2.300 €
Kawasaki Z800 35kw-A2. akrapovič,2013,16344 km,ročni menjalnik,5.900 €
Kawasaki Kxf   Financiranje,2016,60 km,ročni menjalnik,3.350 €
Aprilia Rs4 125,2017,21000 km,nožni menjalnik,3.100 €
Honda SHADOV,2007,45000 km,nožni menjalnik,4.300 €
KTM EXC 350f SIXDAYS ,2020,95 km,ročni menjalnik,8.350 €
Triumph Thruxton 900 Gold Stripe,2013,25000 km,nožni menjalnik,6.100 €
TMS ,2013,6600 km,nožni menjalnik,700 €
Honda CBF 1000 FA,2011,40000 km,nožni menjalnik,5.500 €
BMW GS R1200-Adventures,2018,13000 km,polavtomatski menjalnik,18.500 €
Kawasaki kle 500 V račun vzamem tomos ap4,1998,60 km,nožni menjalnik,1.250 €
KTM sx 250,2020,67 km,nožni menjalnik,6.700 €
Honda CB125F,2019,23000 km,nožni menjalnik,1.800 €
Benelli TNT 1130,2007,5000 km,nožni menjalnik,5.000 €
BMW gs,2005,89000 km,nožni menjalnik,4.900 €
Yamaha Yzf250,2009,93000 km,nožni menjalnik,3.650 €
BMW Rt 1150,2002,90000 km,nožni menjalnik,2.350 €
Yamaha 650 DRAGSTAR CLASSIC  menjava ,2002,5000 km,ročni menjalnik,Pokličite za ceno!
Harley-Davidson ELECTRA-STREET GLIDE  FLHTK,2015,31000 km,nožni menjalnik,17.999 €
Kawasaki kxf 450,2019,170 km,nožni menjalnik,4.300 €
BMW gs,1991,55000 km,nožni menjalnik,6.000 €
MOTO RR50,2002,14000 km,nožni menjalnik,1.250 €
Yamaha 250 yzf,2005,115 km,nožni menjalnik,4.150 €
Yamaha ,2002,120 km,nožni menjalnik,1.900 €
Honda Crf 250,2015,51 km,nožni menjalnik,3.400 €
Kawasaki KLE,2003,40000 km,nožni menjalnik,1.800 €
Yamaha MT-07,2018,24000 km,nožni menjalnik,5.300 €
Yamaha FZ6 - Fazer,2007,69900 km,nožni menjalnik,3.100 €
KTM 790 Adventure S,2019,6900 km,nožni menjalnik,9.300 €
Honda cb1000r RA,2011,30000 km,ročni menjalnik,6.350 €
KTM Sxf,2012,108000 km,nožni menjalnik,5.800 €
Honda Crf 250,2016,40560 km,nožni menjalnik,5.999 €
Yamaha XT1200ZE - KOT NOV,2014,45000 km,nožni menjalnik,10.200 €
Yamaha FZ1-N,2011,55900 km,nožni menjalnik,5.400 €
KTM Exc 530 ,2009,15000 km,ročni menjalnik,3.600 €
Yamaha Fazer,2003,101000 km,nožni menjalnik,2.250 €
BMW s1000r,2018,16000 km,ročni menjalnik,11.300 €
Kawasaki er6f,2013,20000 km,nožni menjalnik,4.800 €
Honda varadero xl1000,2008,138000 km,nožni menjalnik,3.600 €
BMW 1200 rs,2017,51000 km,polavtomatski menjalnik,11.000 €
Honda magna,1988,27500 km,nožni menjalnik,3.850 €
Kawasaki ZZR 1400,2009,26000 km,ročni menjalnik,8.200 €
Honda CBF 600 N,2006,18300 km,ročni menjalnik,2.400 €
Yamaha xjr 1300 ,2006,128000 km,nožni menjalnik,3.600 €
Kymco RF ZING 125,1999,2045 km,nožni menjalnik,Pokličite za ceno!
BMW k1200gt,2006,107000 km,nožni menjalnik,4.300 €
Triumph speedmaster,2009,14150 km,nožni menjalnik,5.000 €
Kawasaki Z750S,2005,48750 km,nožni menjalnik,2.300 €
Ducati Monster 821,2018,10182 km,nožni menjalnik,7.990 €
Hyosung Aquila 250,2001,39000 km,ročni menjalnik,1.000 €
Honda Cbr600,2008,6 km,nožni menjalnik,4.000 €
Yamaha TZR 50,2005,21000 km,ročni menjalnik,790 €
Honda Xlr 125,1999,55000 km,nožni menjalnik,3.200 €
Cagiva Mito,1995,350 km,nožni menjalnik,450 €
Tomos sm 125 f replica cup,2009,17000 km,nožni menjalnik,2.200 €
KTM 450,2019,78 km,nožni menjalnik,5.300 €
Aprilia Rsv100 rr factory,2006,27000 km,ročni menjalnik,3.000 €
Yamaha yz125,2003,1 km,nožni menjalnik,2.500 €
Yamaha YZ250,2010,10 km,nožni menjalnik,3.400 €
Suzuki V strom 650 DL,2018,17123 km,nožni menjalnik,7.500 €
YCF 50 A JUNIOR,2021,5 km,avtomatski menjalnik,1.000 €
MotoGuzzi CALIFORNIA 1100 EV,2003,69600 km,nožni menjalnik,3.100 €
Honda CBF1000,2009,97000 km,nožni menjalnik,3.600 €
Yamaha Mt09,2018,14850 km,ročni menjalnik,7.650 €
Yamaha WR 125 X,2014,29000 km,ročni menjalnik,3.100 €
BMW k 1600 GT,2014,53500 km,polavtomatski menjalnik,12.800 €
Honda Vtr 1000,1998,61000 km,avtomatski menjalnik,1.500 €
Yamaha Fz6s,2006,43000 km,nožni menjalnik,2.700 €
BMW F 700 GS beri opombe,2014,32923 km,nožni menjalnik,6.800 €
Yamaha FZ6-S Fazer ,2007,61000 km,nožni menjalnik,3.500 €
Suzuki GSX 1250FA,2014,50000 km,nožni menjalnik,6.800 €
Yamaha mt 125,2018,9417 km,nožni menjalnik,3.850 €
Husqvarna FC 450,2020,73 km,ročni menjalnik,5.600 €
KTM Sxf 250,2018,30 km,nožni menjalnik,4.250 €
Husqvarna Te300i,2018,219 km,nožni menjalnik,6.000 €
Yamaha MT-09,2014,13000 km,ročni menjalnik,5.500 €
KTM SMC 660,2005,31000 km,nožni menjalnik,2.300 €
Honda CRF450R,2017,185 km,ročni menjalnik,3.650 €
BMW S1000XR,2020,10300 km,polavtomatski menjalnik,17.200 €
Yamaha FZS 1000,2003,71 km,nožni menjalnik,3.600 €
Yamaha 2018,2018,78 km,ročni menjalnik,4.700 €
BMW F 650 GS,2011,73000 km,ročni menjalnik,5.400 €
Honda CRF450r,2014,15993 km,nožni menjalnik,4.500 €
Honda Cbf 1000 abs,2007,60309 km,nožni menjalnik,3.000 €
MotoGuzzi CALIFORNIA TITANIUM 1064 KDC12,2006,49243 km,nožni menjalnik,3.990 €
Gilera Dna,2004,505 km,avtomatski menjalnik,800 €
Suzuki SV650 35KW,2007,35000 km,ročni menjalnik,3.500 €
Kawasaki ZX6RR,2012,18900 km,ročni menjalnik,5.800 €
BMW K 1600 GT posebna izdaja 719,2018,54672 km,polavtomatski menjalnik,16.800 €
Yamaha XVZ 1300 VENTURE ,2010,56871 km,nožni menjalnik,9.800 €
KTM 250 SX-F,2013,104 km,nožni menjalnik,3.500 €
Aprilia etv 1000 caponord,2003,73000 km,nožni menjalnik,3.200 €
Aprilia rsv4 R,2013,17700 km,nožni menjalnik,7.800 €
Honda Cbf 1000,2009,54297 km,nožni menjalnik,4.300 €
Honda cbr 600 FS,2002,38000 km,nožni menjalnik,2.100 €
Honda CB125F,2019,8200 km,nožni menjalnik,2.500 €
Aprilia 125,1923,201 km,nožni menjalnik,550 €
Yamaha DT 50,2002,5000 km,nožni menjalnik,900 €
Suzuki vs 700 intruder,1986,26000 km,nožni menjalnik,3.050 €
Kawasaki kxf 450 ,2014,1 km,nožni menjalnik,2.770 €
Yamaha TDM 900,2003,116757 km,nožni menjalnik,1.850 €
BMW R 1100 GS,2000,130000 km,nožni menjalnik,3.200 €
BMW K1200LT,1999,87400 km,nožni menjalnik,4.500 €
Suzuki GSF 1200 Bandit,2003,43200 km,nožni menjalnik,2.500 €
Suzuki GSX 650 FA,2013,46950 km,nožni menjalnik,4.500 €
Kawasaki 636 25 klw,2003,70500 km,nožni menjalnik,2.500 €
Suzuki Bandit 1200 S,2002,78000 km,nožni menjalnik,1.890 €
Honda CBF 600 SA,2009,44500 km,nožni menjalnik,3.500 €
BMW GS 700,2013,15000 km,nožni menjalnik,6.500 €
Yamaha XJ6n,2012,31000 km,nožni menjalnik,3.980 €
Suzuki SV 650s,2005,101000 km,nožni menjalnik,2.300 €
Yamaha MT-07,2019,3000 km,ročni menjalnik,6.500 €
Honda CBF 1000 FA..ABS..PERLA BELA..ODLIČNA..,2010,70000 km,ročni menjalnik,4.690 €
Honda Hornet 600,2001,22000 km,nožni menjalnik,2.500 €
Stomp Z3 140 Big Wheel 14 17,2020,156 km,nožni menjalnik,2.990 €
Kawasaki ,1997,83654 km,nožni menjalnik,700 €
BMW R 1200 rt,2010,130000 km,nožni menjalnik,8.200 €
Suzuki GSF 1200 S Bandit,2006,46567 km,nožni menjalnik,2.990 €
Yamaha Twin 900 TDM,2022,48700 km,nožni menjalnik,3.200 €
Yamaha Yz125,2018,175 km,nožni menjalnik,4.100 €
Honda 250crf ,2018,98 km,ročni menjalnik,4.400 €
Kawasaki VERSYS 650 ,2009,41000 km,nožni menjalnik,3.490 €
Yamaha Fazer 800 ABS,2011,40000 km,ročni menjalnik,5.350 €
Kawasaki Versys,2018,41816 km,ročni menjalnik,10.500 €
BMW R 1100 S,2003,73000 km,nožni menjalnik,Pokličite za ceno!
Honda cbr 600 valentino rossi,2002,54950 km,ročni menjalnik,2.200 €
Yamaha fjr 1300a,2007,160000 km,nožni menjalnik,3.990 €
Yamaha YZF450,2017,1800 km,nožni menjalnik,4.500 €
KTM Sxf 250,2015,250 km,nožni menjalnik,3.333 €
MZ ETZ 250,1986,357 km,nožni menjalnik,1.700 €
BMW G310R,2020,4800 km,ročni menjalnik,4.500 €
Suzuki dl1000 v-strom,2005,75462 km,nožni menjalnik,3.950 €
KTM Sx,2003,23 km,nožni menjalnik,2.800 €
Yamaha Virago 535,1999,40000 km,nožni menjalnik,3.000 €
Husqvarna Fc 250,2020,172 km,nožni menjalnik,5.400 €
BMW K1200LT Chrom paket ,2001,136000 km,nožni menjalnik,3.990 €
Kawasaki ZZR250,1999,26022 km,nožni menjalnik,1.200 €
KTM exc,2017,270 km,ročni menjalnik,5.800 €
Aprilia RS 70kit,2003,347294 km,nožni menjalnik,1.000 €
Honda Gold Wing 1800 Airbag. Navigacija.Kot nova. ,2008,69000 km,ročni menjalnik,15.500 €
KTM Exc 300,2013,1 km,ročni menjalnik,4.490 €
Suzuki SV 650,2019,2660 km,nožni menjalnik,5.200 €
BMW K1600GT,2017,9500 km,nožni menjalnik,10.250 €
Kawasaki kxf 250,2014,1 km,nožni menjalnik,3.000 €
MotoGuzzi LE MANS 2,1980,43000 km,ročni menjalnik,7.400 €
BMW Gs 700 ,2013,52000 km,nožni menjalnik,5.700 €
BMW GS 1250,2020,5436 km,nožni menjalnik,18.900 €
Yamaha YZ250F,2016,96 km,nožni menjalnik,2.700 €
BMW 100 gs,1991,30000 km,nožni menjalnik,5.200 €
KTM sx 125,1998,59300 km,nožni menjalnik,4.490 €
BMW R1200RT ABS  R 1200 RT,2007,67100 km,nožni menjalnik,5.990 €
KTM 450 EXC  EFI-C  HOMOLOGIRAN,2015,295 km,nožni menjalnik,4.990 €
BMW F800R ABS F 800 R,2010,34300 km,nožni menjalnik,4.550 €
Kawasaki Z 800,2014,16500 km,nožni menjalnik,6.500 €
Kawasaki Z 800 ,2016,6500 km,ročni menjalnik,7.250 €
MotoGuzzi V65SP,1983,50000 km,nožni menjalnik,1.800 €
Honda F6B GoldWing,2015,35800 km,nožni menjalnik,17.000 €
Harley-Davidson RoadKing FLHR,2009,43000 km,nožni menjalnik,15.000 €
KTM sx,2019,10100 km,nožni menjalnik,700 €
Tomos APN 4,1977,52000 km,nožni menjalnik,Pokličite za ceno!
BMW r1200r,2008,100000 km,nožni menjalnik,6.000 €
Xmotos XB-33,2008,610 km,nožni menjalnik,7.900 €
MV Agusta Brutale 1000 serie oro 155 300,2020,2725 km,polavtomatski menjalnik,38.500 €
KTM EXC 250 F,2008,300 km,ročni menjalnik,3.300 €
Yamaha Yz 250f,2013,33 km,nožni menjalnik,3.250 €
BMW 1200 GSa,2016,32200 km,polavtomatski menjalnik,16.200 €
BMW F 800 GS ABS f800gs,2011,69994 km,nožni menjalnik,5.390 €
BMW R1200GS Adventure,2008,110000 km,nožni menjalnik,7.100 €
Xmotos Lifan,2015,100 km,nožni menjalnik,100 €
Yamaha TZR,2005,50000 km,nožni menjalnik,1.500 €
Suzuki bandit 1200,1997,88000 km,nožni menjalnik,1.600 €
Kawasaki Kx-f 250,2008,1 km,nožni menjalnik,2.600 €
Suzuki Gsr750 vozen z A2 35kw,2013,30000 km,nožni menjalnik,5.500 €
YCF START F125S 2019,2019,13900 km,nožni menjalnik,7.200 €
Yamaha Yz 125,2000,2 km,nožni menjalnik,1.780 €
KTM 450 SX-F,2007,5600 km,ročni menjalnik,8.000 €
Yamaha Yzf 426,2000,40900 km,nožni menjalnik,4.200 €
Stomp z3-140,2020,16722 km,ročni menjalnik,7.300 €
Aprilia TUONO,2007,46000 km,nožni menjalnik,3.600 €
Dream Pitbikes 150 yx,2017,40 km,polavtomatski menjalnik,950 €
Harley-Davidson Heritage Softail,2007,10500 km,ročni menjalnik,19.800 €
Yamaha Yz 450f,2008,37000 km,nožni menjalnik,3.400 €
KTM GasGas EC300 2t,2009,80 km,ročni menjalnik,2.990 €
BMW BMW R 1200 GS,2007,110000 km,ročni menjalnik,5.200 €
KTM duke,2013,33500 km,nožni menjalnik,2.500 €
MotoGuzzi Nevada 750,2003,64000 km,ročni menjalnik,3.300 €
Husqvarna TE300 TE 300,2018,80 km,nožni menjalnik,2.999 €
BMW R 1200 GS,2011,90000 km,ročni menjalnik,9.600 €
MZ etz 250,1987,45000 km,nožni menjalnik,1.250 €
Honda cbr 125 r,2014,34000 km,ročni menjalnik,2.150 €
KTM sx 85,2015,16359 km,ročni menjalnik,700 €
Harley-Davidson STREET GLIDE CVO,2018,26000 km,ročni menjalnik,33.500 €
Triumph 900,2017,8500 km,nožni menjalnik,6.990 €
KTM Exc 350f,2017,227 km,nožni menjalnik,5.950 €
Ducati 620 Sport Nuda Carenata,2003,20850 km,nožni menjalnik,2.490 €
Suzuki Rmz 450,2016,100 km,ročni menjalnik,3.350 €
Husqvarna FC250,2019,1 km,nožni menjalnik,4.370 €
BMW F650GS F 650 GS,2007,23629 km,nožni menjalnik,3.250 €
Kawasaki Z650 Z 650,2020,14927 km,nožni menjalnik,5.990 €
Husqvarna TC 250,2010,180 km,nožni menjalnik,2.400 €
Yamaha Yz 85,2009,68 km,nožni menjalnik,1.600 €
Husqvarna ,1998,100 km,nožni menjalnik,1.500 €
Ducati SUPERSPORT 1000,2004,18500 km,ročni menjalnik,5.999 €
Yamaha Fz6s Fazer,2004,66000 km,nožni menjalnik,2.100 €
Kawasaki ,2004,60000 km,ročni menjalnik,3.100 €
Aprilia TUONO V4 1100 RR,2015,23882 km,polavtomatski menjalnik,9.000 €
Husqvarna fc250,2015,20 km,nožni menjalnik,2.900 €
KTM 300 exc ,2009,5000 km,nožni menjalnik,2.990 €
Yamaha Mt125,2015,40000 km,ročni menjalnik,2.800 €
Honda africa,1998,68000 km,nožni menjalnik,4.500 €
KTM Exc 300 Six Days,2010,190 km,ročni menjalnik,3.300 €
Ducati PANIGALE V4 - SUPER PONUDBA,2020,4339 km,nožni menjalnik,17.990 €
Ducati PANIGALE V4 S - SUPER PONUDBA,2018,9954 km,nožni menjalnik,18.490 €
Aprilia sx,2007,77500 km,nožni menjalnik,6.800 €
Suzuki RMZ 450,2012,50 km,ročni menjalnik,2.650 €
Honda CRF 450,2008,50 km,ročni menjalnik,2.100 €
BMW S1000RR,2013,43000 km,nožni menjalnik,9.000 €
Kawasaki KX 500 ,1986,9999 km,nožni menjalnik,3.000 €
Honda 125,2010,25000 km,nožni menjalnik,1.200 €
Yamaha XT 350,1993,27350 km,nožni menjalnik,2.490 €
Aprilia Tuono V4 aprc,2011,32000 km,polavtomatski menjalnik,6.999 €
Honda CRF450,2016,67 km,nožni menjalnik,3.400 €
Aprilia Falco 1000,2001,60000 km,nožni menjalnik,1.750 €
Beta 300 RR,2016,50000 km,nožni menjalnik,4.100 €
MV Agusta BRUTALE 800,2014,27900 km,nožni menjalnik,6.999 €
Yamaha FZ6,2007,29000 km,nožni menjalnik,3.600 €
Kawasaki VN900 classic,2014,33400 km,nožni menjalnik,7.200 €
Husqvarna fc 450 z racunom,2017,80 km,ročni menjalnik,3.899 €
Suzuki Rmz,2010,50054 km,nožni menjalnik,1.100 €
Kawasaki ER6N,2006,56000 km,nožni menjalnik,2.390 €
Harley-Davidson Electra glide,1990,33000 km,ročni menjalnik,14.000 €
BMW F800R,2012,55300 km,nožni menjalnik,4.800 €
KTM SX 85,2021,72 km,ročni menjalnik,4.700 €
KTM SX 50,2020,100 km,avtomatski menjalnik,2.400 €
Honda CBF 1000,2010,27000 km,ročni menjalnik,5.550 €
KTM 640,2005,30000 km,nožni menjalnik,3.000 €
Yamaha XT 500,1982,27314 km,nožni menjalnik,5.500 €
Yamaha Virago 750,1994,78000 km,nožni menjalnik,3.000 €
BMW R 18 Classic First Edition,2021,4024 km,nožni menjalnik,23.900 €
Husqvarna FC 250,2016,10 km,ročni menjalnik,4.050 €
Husqvarna TC 85,2017,4 km,ročni menjalnik,3.100 €
KTM SX 65,2021,11 km,ročni menjalnik,3.700 €
Honda CBR 1000 RR,2011,53500 km,nožni menjalnik,6.200 €
Honda CRF250R,2017,130 km,nožni menjalnik,3.900 €
Kawasaki KLX250S,2016,1310 km,nožni menjalnik,4.200 €
Kawasaki 1400 GTR ABS KTRC K-ACT 3x kovčki lep 1400GTR,2016,56326 km,nožni menjalnik,9.490 €
Kawasaki z650 A2,1982,58120 km,nožni menjalnik,3.000 €
Suzuki gsxr 750w,1993,42527 km,nožni menjalnik,1.600 €
Yamaha 125 DT,1982,30000 km,nožni menjalnik,990 €
Yamaha YZF 250,2021,56 km,nožni menjalnik,6.000 €
Husqvarna FE 250,2018,120 km,ročni menjalnik,5.850 €
Aprilia Pegaso ie,2001,21300 km,nožni menjalnik,1.450 €
Yamaha yz85,2007,150 km,nožni menjalnik,1.500 €
Benelli TRK 502 Abs Garancija A2,2019,9120 km,nožni menjalnik,4.450 €
BMW R 1200 GS ABS ASC R1200GS,2014,57353 km,nožni menjalnik,8.990 €
Honda CB 600 F Hornet,2008,39000 km,nožni menjalnik,3.500 €
Honda Cb600f hornet,2009,40385 km,nožni menjalnik,3.676 €
Suzuki GSX R,2007,60000 km,nožni menjalnik,4.800 €
Aprilia Tuono V4R APRC - ABS,2014,37500 km,polavtomatski menjalnik,8.100 €
Suzuki Rm 85,2010,65 km,ročni menjalnik,4.690 €
BMW F 800 r ,2009,43333 km,nožni menjalnik,3.600 €
Daelim 125cm,2000,17000 km,nožni menjalnik,750 €
Yamaha ttr110,2018,3 km,polavtomatski menjalnik,2.600 €
Kawasaki Kxf 250,2017,202 km,nožni menjalnik,3.800 €
BMW K1200S,2007,92000 km,ročni menjalnik,3.700 €
Suzuki Gsr 600,2007,65500 km,nožni menjalnik,2.300 €
KTM SX 65,2021,1 km,nožni menjalnik,3.590 €
Aprilia RX50,2018,9400 km,nožni menjalnik,2.350 €
BMW R 1150 RT beri opombe,2002,98214 km,nožni menjalnik,7.200 €
BMW GS 1200 ADVENTURE,2015,79500 km,polavtomatski menjalnik,13.800 €
Yamaha R6-35kw,2007,27500 km,ročni menjalnik,Pokličite za ceno!
Husqvarna Fc250,2016,60 km,nožni menjalnik,3.500 €
Yamaha Tzr 50,2005,28 km,nožni menjalnik,5.999 €
Ducati MULTISTRADA V4 S FULL 2021. GAR. DO APRILA 2025,2021,20900 km,nožni menjalnik,21.990 €
Ducati MONSTER + 2021,2021,48000 km,ročni menjalnik,2.500 €
KTM SX 85,2007,90 km,nožni menjalnik,Pokličite za ceno!
Yamaha YZ250F,2014,88 km,nožni menjalnik,3.000 €
BMW RT1200 R,2013,35352 km,nožni menjalnik,9.800 €
KTM Duke 2,2005,39700 km,ročni menjalnik,2.150 €
Honda CRF 450 AKRAPOVIČ ,2011,50 km,nožni menjalnik,5.275 €
KTM Sxf 250,2020,49200 km,ročni menjalnik,5.200 €
Kawasaki ZX10R,2006,23000 km,ročni menjalnik,6.500 €
Honda ,2016,100 km,nožni menjalnik,3.500 €
Honda CBR 1000 RR PISTA,2008,37000 km,polavtomatski menjalnik,4.900 €
KTM Sx-f 450,2020,28000 km,polavtomatski menjalnik,16.100 €
Ducati Multistrada 1200s,2013,74000 km,nožni menjalnik,8.900 €
Yamaha Tracer,2015,28000 km,nožni menjalnik,7.800 €
Honda Shadow 750,1988,53000 km,nožni menjalnik,3.500 €
Harley-Davidson 103 - Low Rider,2015,27000 km,nožni menjalnik,15.700 €
Yamaha ,2005,87000 km,polavtomatski menjalnik,3.700 €
Honda Hornet,2007,42000 km,nožni menjalnik,3.150 €
Honda NC 750 X,2018,35896 km,nožni menjalnik,5.600 €
BMW K1200 LT,2003,125000 km,nožni menjalnik,4.000 €
BMW R1200RT,2007,139000 km,ročni menjalnik,5.800 €
Aprilia 650 Trail,2006,23000 km,ročni menjalnik,2.750 €
YCF dream pitbike 160,2011,140 km,ročni menjalnik,700 €
Yamaha XT 600,2003,52000 km,nožni menjalnik,2.600 €
KTM ,2009,40 km,ročni menjalnik,1.950 €
BMW S 1000r,2017,25000 km,ročni menjalnik,11.200 €
Honda Crf 450,2011,300 km,nožni menjalnik,4.350 €
Husqvarna Fe250,2019,1 km,nožni menjalnik,5.600 €
Honda CRF 250 R,2013,230 km,nožni menjalnik,3.900 €
Honda Crf450,2018,7 km,nožni menjalnik,3.999 €
Honda ,2006,43000 km,nožni menjalnik,2.200 €
BMW S1000XR,2021,19763 km,polavtomatski menjalnik,19.490 €
Yamaha 450,2017,65 km,ročni menjalnik,3.650 €
MotoGuzzi Stelvio ,2011,53850 km,nožni menjalnik,6.800 €
Yamaha Fazer,2004,50700 km,nožni menjalnik,1.800 €
Honda CRF 125FB TTR-125 ,2020,30 km,nožni menjalnik,2.850 €
Honda Shadow 750 VT C ABS,2011,18200 km,ročni menjalnik,6.100 €
BMW ,2015,56549 km,ročni menjalnik,14.400 €
MotoGuzzi griso 1200,2012,7078 km,nožni menjalnik,8.000 €
Honda Cbf 600,2006,41000 km,ročni menjalnik,3.000 €
Kawasaki ,2004,190 km,ročni menjalnik,3.300 €
BMW R 1150 RT,2004,120600 km,nožni menjalnik,2.990 €
Honda VT 750 Shadow,2005,56000 km,nožni menjalnik,Pokličite za ceno!
Kawasaki Z 1000,2004,47000 km,nožni menjalnik,2.650 €
Yamaha Yamaha yzf 250,2019,50 km,nožni menjalnik,4.800 €
BMW F 800S,2007,1 km,ročni menjalnik,2.450 €
Husqvarna fc 250,2018,166 km,ročni menjalnik,4.200 €
Honda Varadero ,2011,50000 km,nožni menjalnik,6.100 €
Harley-Davidson FLHX Street Glide,2007,62000 km,ročni menjalnik,12.500 €
Hyosung gt 650,2006,15000 km,nožni menjalnik,1.850 €
Kawasaki Er6n,2006,90000 km,nožni menjalnik,2.100 €
Yamaha TDM 900 TWIN,2011,83000 km,nožni menjalnik,4.200 €
BMW Gs 650 mozna menjava,2004,63000 km,nožni menjalnik,2.560 €
Yamaha FZS 600 Fazer + prtljažni kovček,2002,48000 km,nožni menjalnik,2.200 €
Harley-Davidson Softail custom fxstc,2007,22000 km,nožni menjalnik,9.500 €
BMW R 1200 GS ADVENTURE,2010,76000 km,nožni menjalnik,9.790 €
Kawasaki Z 1000 ,2005,44200 km,ročni menjalnik,2.800 €
Yamaha 350,1970,45600 km,nožni menjalnik,3.700 €
BMW GS 1200,2015,52100 km,nožni menjalnik,12.990 €
Kawasaki z750,2011,45477 km,nožni menjalnik,4.500 €
Husqvarna FC 250,2020,2 km,nožni menjalnik,5.499 €
Zongshen Loncin 125ccm,2017,124 km,ročni menjalnik,320 €
Yamaha YZ250F,2020,68 km,ročni menjalnik,5.700 €
Yamaha XSR 700,2018,13565 km,nožni menjalnik,6.250 €
Yamaha Fazer,2006,39538 km,nožni menjalnik,2.200 €
Yamaha yzf 450,2017,44 km,ročni menjalnik,5.450 €
KTM SXF 350,2018,17 km,ročni menjalnik,4.700 €
Yamaha YZ 85,2018,40 km,ročni menjalnik,3.450 €
KTM SX 125,2019,5 km,ročni menjalnik,5.250 €
Kawasaki Versys 1000 ogromno opreme,2013,28250 km,ročni menjalnik,7.500 €
Husqvarna TC 85,2019,30 km,ročni menjalnik,4.000 €
Kawasaki Z 800,2015,26142 km,nožni menjalnik,5.950 €
Suzuki GSR 600,2006,34900 km,nožni menjalnik,2.490 €
Yamaha YZF R-125,2011,29600 km,ročni menjalnik,2.800 €
BMW gsa1200,2008,112000 km,nožni menjalnik,7.100 €
Yamaha TRACER 900 GT,2019,10000 km,nožni menjalnik,12.800 €
Yamaha R1 streetfighter,2003,38700 km,nožni menjalnik,1.890 €
Kawasaki Z 900 Performance,2020,5090 km,nožni menjalnik,8.900 €
Yamaha YS 125,2019,11770 km,ročni menjalnik,2.300 €
Honda cbr 125r,2008,41788 km,nožni menjalnik,1.100 €
Honda Cbf 1000 ,2010,78000 km,nožni menjalnik,4.200 €
BMW R1200R,2008,56000 km,nožni menjalnik,5.600 €
Honda cbr ,2004,59000 km,ročni menjalnik,2.499 €
KTM EXC450,2012,500 km,nožni menjalnik,3.000 €
Husqvarna SMR 450,2008,10 km,ročni menjalnik,2.499 €
Kawasaki Z900 ABS,2017,30200 km,ročni menjalnik,7.200 €
KTM Sxf 450,2020,115 km,nožni menjalnik,5.500 €
Kawasaki GPX 500R,1988,33333 km,nožni menjalnik,600 €
Beta Evo 80,2018,100 km,nožni menjalnik,2.500 €
MotoGuzzi California 1100,2003,33200 km,nožni menjalnik,5.500 €
Honda Gold Wing 1500,1995,93000 km,nožni menjalnik,5.800 €
Yamaha WR 125 R,2013,30500 km,nožni menjalnik,3.100 €
Honda Cbf 125 ,2010,12400 km,nožni menjalnik,1.450 €
Yamaha XJR,2013,14100 km,nožni menjalnik,6.250 €
Yamaha MT 10,2017,40000 km,polavtomatski menjalnik,8.600 €
KTM Freeride e-xc ,2021,600 km,avtomatski menjalnik,9.200 €
Motobi ,2018,47 km,ročni menjalnik,2.400 €
Yamaha FAZER 600S,2003,31765 km,nožni menjalnik,3.600 €
BMW R1200GS LC,2015,51000 km,polavtomatski menjalnik,12.450 €
Triumph Street triple,2009,50000 km,nožni menjalnik,3.380 €
BMW R1200 GS Adventure,2007,140358 km,ročni menjalnik,6.200 €
Suzuki DL 1000,2004,43000 km,nožni menjalnik,3.500 €
Yamaha MT 03 SLO,2007,2819 km,nožni menjalnik,7.690 €
BMW R850R R 850 R,2004,106900 km,nožni menjalnik,2.750 €
Kawasaki Kx 60,1997,1000 km,nožni menjalnik,850 €
Honda CBR1000RR CBR 1000,2004,40910 km,nožni menjalnik,3.990 €
Ducati Multistrada 1200S,2013,18950 km,nožni menjalnik,9.200 €
Ducati Multistrada 1200S,2014,40970 km,nožni menjalnik,8.990 €
Aprilia TUONO V4 1100 RR,2016,34100 km,nožni menjalnik,8.790 €
BMW S1000R S 1000 R,2014,23300 km,nožni menjalnik,8.500 €
BMW S1000R S 1000 R,2014,33490 km,ročni menjalnik,7.890 €
BMW S1000RR S 1000RR M,2020,12250 km,ročni menjalnik,20.300 €
Honda CBR 1000 RR,2004,42000 km,nožni menjalnik,3.700 €
Harley-Davidson VRSCDX VROD 1250 10TH ANNIVERSARY,2012,45100 km,nožni menjalnik,12.200 €
Triumph Tiger Explorer 1200 XRX low,2016,47000 km,nožni menjalnik,10.500 €
Honda Crf 250 r,2016,30 km,nožni menjalnik,2.475 €
Yamaha YZF 250 ELEKTRO STARTER ,2020,20 km,nožni menjalnik,5.175 €
MotoGuzzi Stelvio 1200 NTX 8V,2010,70000 km,ročni menjalnik,6.700 €
Kawasaki kxf 450 ,2017,2 km,nožni menjalnik,2.950 €
KTM SXF 350 2020,2020,55 km,ročni menjalnik,5.900 €
Yamaha Tracer 900,2018,15000 km,nožni menjalnik,8.500 €
Ducati Multistrada 950,2017,5905 km,nožni menjalnik,10.950 €
Kawasaki Z1000 ABS Limited Edition,2008,75000 km,ročni menjalnik,4.500 €
BMW 1200gs,2017,54200 km,ročni menjalnik,14.100 €
Honda Dominator 250,2000,10000 km,ročni menjalnik,1.950 €
KTM Exc 450,2011,5000 km,ročni menjalnik,3.290 €
Honda CB600F HORNET CB 600 F,2005,55200 km,nožni menjalnik,2.200 €
Kawasaki ninja 636,2006,60000 km,nožni menjalnik,2.200 €
Triumph TIGER 1200 XCX,2019,9100 km,nožni menjalnik,15.990 €
Husqvarna Tc 85,2015,34 km,ročni menjalnik,2.600 €
BMW F800R ABS ESA TC F 800 R,2015,33100 km,nožni menjalnik,5.990 €
Suzuki SV 650,2003,69000 km,ročni menjalnik,1.300 €
Suzuki 250,2018,15 km,ročni menjalnik,3.900 €
Yamaha MT O3,2007,13000 km,nožni menjalnik,3.100 €
BMW R1200RT R 1200 RT,2008,71109 km,nožni menjalnik,6.500 €
Honda CMX 500A REBEL S,2021,3600 km,nožni menjalnik,6.150 €
BMW K 1600 GTL,2014,54000 km,nožni menjalnik,17.900 €
Suzuki vstrom,2007,64939 km,nožni menjalnik,4.500 €
Honda Varadero XL1000V,2005,88130 km,ročni menjalnik,3.650 €
Honda XL 1000 VARADERO + GARANCIJA  VARADERO1000,2005,52000 km,nožni menjalnik,3.790 €
Honda NC 700 SA ZELO DOBRO OHRANJEN NC700SA,2013,33000 km,nožni menjalnik,3.890 €
Honda CBR 600 F ZELO DOBRO OHRANJEN CBR 600F,2011,25000 km,nožni menjalnik,4.490 €
BMW R 1250 RT,2021,1222 km,nožni menjalnik,22.990 €
Yamaha ,2004,50000 km,ročni menjalnik,3.000 €
Honda CBF 600 S  CBF600S,2010,34000 km,nožni menjalnik,4.190 €
BMW F 900 R,2020,7625 km,polavtomatski menjalnik,9.300 €
Honda CBF1000A ABS CBF 1000 A,2008,96700 km,nožni menjalnik,2.990 €
BMW R 25 2,1952,50000 km,nožni menjalnik,7.800 €
Yamaha Yz 125,2008,35 km,ročni menjalnik,2.400 €
NSU 350 osl,1940,100000 km,ročni menjalnik,1.700 €
Suzuki GS 550 KATANA,1982,55000 km,nožni menjalnik,1.000 €
Aprilia RSV 1000 TUONO CARBON BREMBO,2003,49989 km,nožni menjalnik,2.490 €
Honda ,2007,31000 km,ročni menjalnik,3.100 €
Suzuki SFV 650 GLADIUS LEP motor SV,2013,37321 km,nožni menjalnik,3.490 €
Honda Shadow ,1997,100 km,nožni menjalnik,6.000 €
Yamaha FZ8N,2014,29000 km,nožni menjalnik,5.700 €
KTM Duke890-BREZ PRASKE-KOT NOV,2021,8000 km,ročni menjalnik,8.450 €
BMW Gs rally,2017,27800 km,nožni menjalnik,16.000 €
Honda cbr1000rr,2006,47000 km,nožni menjalnik,4.300 €
KTM EXC 450,2012,200 km,nožni menjalnik,6.200 €
Triumph Speed Twin 1200,2019,7500 km,nožni menjalnik,Pokličite za ceno!
Honda Hornet,2003,48000 km,nožni menjalnik,2.200 €
Honda CBF 1000,2006,74800 km,nožni menjalnik,2.950 €
BMW R 1200 s,2006,33800 km,nožni menjalnik,5.600 €
BMW G 310 R,2021,3358 km,nožni menjalnik,14.700 €
BMW R 1250 GS Rallye ,2021,6479 km,nožni menjalnik,19.900 €
Ducati Multistrada,2014,35200 km,ročni menjalnik,9.900 €
BMW F800S,2010,32908 km,ročni menjalnik,3.200 €
Suzuki GSF1250SA BANDIT S GSF 1250 S,2007,62200 km,ročni menjalnik,3.350 €
KTM SXF250,2014,60 km,ročni menjalnik,3.650 €
BMW BMW R1200 GS -BLACK EDITION-1.LASTNIK-TOP,2014,79847 km,nožni menjalnik,10.999 €
Triumph Tiger explorer ,2013,125000 km,ročni menjalnik,7.999 €
BMW R nineT Scrambler,2021,5415 km,nožni menjalnik,12.990 €
Triumph Stret Triple 675,2008,25581 km,ročni menjalnik,4.399 €
Kawasaki KXF 450,2018,30 km,ročni menjalnik,4.000 €
BMW R nineT Urban G S 40,2021,4247 km,nožni menjalnik,15.700 €
BMW R 1100 s,2001,78000 km,nožni menjalnik,3.800 €
Yamaha Fz6s fazer,2005,35000 km,nožni menjalnik,2.300 €
Yamaha mt 10 ,2016,25084 km,polavtomatski menjalnik,8.900 €
MZ ETZ250,2021,97 km,nožni menjalnik,2.000 €
MV Agusta F4 ,2011,19400 km,nožni menjalnik,10.000 €
BMW R 1200 R,2018,26100 km,polavtomatski menjalnik,9.950 €
Honda VFR 800 X Crossrunner,2013,34269 km,nožni menjalnik,5.760 €
KTM Exc 250,2009,300 km,ročni menjalnik,3.400 €
Triumph TIGER 800,2011,37450 km,nožni menjalnik,5.450 €
Yamaha FZ6-N,2007,37490 km,ročni menjalnik,3.500 €
Honda GL 1800A Confort,2008,143100 km,nožni menjalnik,15.200 €
Suzuki Gsx110,1981,45000 km,nožni menjalnik,2.200 €
BMW R 1250 RT,2020,12000 km,nožni menjalnik,22.000 €
KTM duke II 640 LC4,2002,35900 km,nožni menjalnik,2.290 €
Yamaha YZF-R1,2003,57000 km,nožni menjalnik,2.000 €
Husqvarna Fc 450,2020,156000 km,nožni menjalnik,6.000 €
BMW R1200R,2008,90000 km,nožni menjalnik,4.790 €
Honda deauvile,2009,28000 km,nožni menjalnik,4.600 €
Kawasaki Z750,2022,3900 km,nožni menjalnik,3.500 €
CPI Sx,2009,48758 km,ročni menjalnik,9.490 €
KTM SXF250,2021,71 km,ročni menjalnik,5.800 €
Kawasaki Kxf 250,2019,60 km,ročni menjalnik,3.900 €
BMW rt 1200 lc,2014,86000 km,polavtomatski menjalnik,12.390 €
Husqvarna Tc50,2020,80 km,avtomatski menjalnik,2.650 €
Kawasaki Z650,2017,35052 km,nožni menjalnik,5.200 €
Yamaha YZF 450 EL ZAGANJAČ,2018,19661 km,nožni menjalnik,3.200 €
Aprilia aprilia rs50,2008,8500 km,nožni menjalnik,1.299 €
Yamaha R6,2005,78 km,nožni menjalnik,2.800 €
Suzuki SV 650,1999,23000 km,ročni menjalnik,1.100 €
KTM 250 SXF,2021,55 km,ročni menjalnik,6.300 €
Honda ST1300 ABS CBS PAN EUROPEAN ST1300,2005,59978 km,nožni menjalnik,6.790 €
Yamaha Yz 65,2019,105 km,nožni menjalnik,2.800 €
Kawasaki VN 1700 VOYAGER ABS,2012,47210 km,ročni menjalnik,15.600 €
Husqvarna TE 450,2011,4200 km,ročni menjalnik,4.499 €
Kawasaki NINJA 650 ABS,2018,6720 km,nožni menjalnik,6.290 €
KTM Sxf 250,2009,1 km,nožni menjalnik,2.150 €
Yamaha YZF 250 -2020 1.lastnik,2020,84 km,nožni menjalnik,5.990 €
Yamaha Yz250f,2017,1 km,nožni menjalnik,3.900 €
Husqvarna Tc 300,2016,5 km,ročni menjalnik,4.500 €
KTM Sxf 450,2012,1 km,nožni menjalnik,2.900 €
Husqvarna 50,2020,78 km,avtomatski menjalnik,3.100 €
KTM Sx-f 250,2019,99 km,ročni menjalnik,4.590 €
BMW R1200RT,2011,79800 km,ročni menjalnik,8.000 €
BMW F 650 CS ,2003,59700 km,ročni menjalnik,1.890 €
MotoGuzzi Lodola175 sport,2017,10 km,nožni menjalnik,1.800 €
BMW R 1150 R,2005,56000 km,nožni menjalnik,4.400 €
Honda CBF 1000 A ABS SLO 3x kovčki meglenke cbf1000a,2008,76895 km,nožni menjalnik,3.690 €
GasGas Vertigo R3 250,2021,16 km,ročni menjalnik,7.200 €
Daelim VL125,2003,25060 km,ročni menjalnik,1.200 €
Honda ,2021,15 km,avtomatski menjalnik,1.200 €
KTM ,2004,17750 km,nožni menjalnik,3.980 €
Honda CBR 600RR,2003,63876 km,nožni menjalnik,2.500 €
Aprilia Mana 850,2010,34000 km,avtomatski menjalnik,3.500 €
BMW F800GS,2016,26399 km,nožni menjalnik,8.300 €
BMW R1200GS,2005,84000 km,nožni menjalnik,5.500 €
Honda CBF1000 ST ABS CBF 1000 ST,2010,76600 km,nožni menjalnik,4.990 €
Honda Vfr 1200 f DTC,2016,26700 km,avtomatski menjalnik,8.900 €
Yamaha XSR900 XSR 900 ANNIVERSARY,2016,35130 km,nožni menjalnik,6.990 €
BMW S1000rr,2011,3500 km,ročni menjalnik,8.750 €
Honda CBF,2010,3642 km,nožni menjalnik,1.900 €
Honda cb1000 Ra,2010,57700 km,nožni menjalnik,5.900 €
MOTO Danuvia 125,1959,18000 km,nožni menjalnik,2.300 €
BMW F 650 CS,2002,55000 km,nožni menjalnik,1.400 €
Honda Xl700v,2008,65338 km,nožni menjalnik,3.100 €
KTM 1190 adventure,2016,40000 km,nožni menjalnik,13.000 €
Suzuki RMZ 450 Supermoto,2014,30 km,nožni menjalnik,4.000 €
BMW R1200RT,2012,50500 km,ročni menjalnik,10.200 €
Honda CRF 450,2021,30 km,nožni menjalnik,6.900 €
Honda CBF 1000 ABS,2008,73000 km,nožni menjalnik,3.200 €
BMW K 1200 S,2005,115000 km,nožni menjalnik,3.400 €
Kawasaki Kxf 250,2017,180 km,nožni menjalnik,3.500 €
Triumph tiger explorer 1200,2013,32000 km,nožni menjalnik,9.360 €
Yamaha YZF-R125,2008,27447 km,nožni menjalnik,2.499 €
Yamaha Tracer 900,2016,24284 km,ročni menjalnik,8.100 €
Yamaha Dragstar XVS 650,1997,95000 km,nožni menjalnik,2.800 €
Yamaha FAZER 600,2004,69197 km,ročni menjalnik,2.100 €
Honda deauville,2002,70000 km,nožni menjalnik,2.100 €
MOTO Jonway - Cruiser,2011,2700 km,nožni menjalnik,850 €
KTM sx65,2018,200 km,nožni menjalnik,3.100 €
Suzuki GSX 650 FA slovenski. KOT NOV.SAMO 14000,2012,14000 km,ročni menjalnik,4.590 €
Kinroad XT50Q,2010,86990 km,nožni menjalnik,3.100 €
KTM Exc,2011,185 km,nožni menjalnik,4.000 €
BMW K1300s,2009,68200 km,nožni menjalnik,6.150 €
KTM Xcf 250,2014,1 km,nožni menjalnik,3.650 €
Kawasaki ER650C- ER-6N,2009,21400 km,nožni menjalnik,3.200 €
Yamaha Dragstar  XVS 1100 Classic,2006,76000 km,nožni menjalnik,5.100 €
KTM Exc 350-f,2015,15 km,nožni menjalnik,4.150 €
KTM SX-250,2018,65 km,nožni menjalnik,4.450 €
MV Agusta Stradale,2016,12300 km,nožni menjalnik,7.990 €
Yamaha YZF450,2019,104 km,nožni menjalnik,4.500 €
Suzuki Gsx-r 750,2013,32000 km,nožni menjalnik,7.300 €
KTM Duke2 lc4,2003,19800 km,nožni menjalnik,1.991 €
KTM Exc-f,2016,1 km,ročni menjalnik,4.990 €
BMW gs 1200,2006,104000 km,nožni menjalnik,5.400 €
BMW F 650 CS SCARVER,2003,42000 km,nožni menjalnik,1.600 €
BMW BMW R 1200 RT SLO-vsa oprema,2018,30500 km,polavtomatski menjalnik,17.300 €
Yamaha Diversion xj 900,1997,155000 km,nožni menjalnik,1.990 €
Aprilia Tuono,2004,52134 km,nožni menjalnik,2.700 €
Harley-Davidson softail delux chicano style,2008,24000 km,ročni menjalnik,Pokličite za ceno!
Yamaha xj6n,2010,24000 km,nožni menjalnik,4.000 €
Suzuki Gsxr 1000 ,2005,63000 km,nožni menjalnik,5.300 €
Yamaha Yz450f,2021,25 km,nožni menjalnik,6.900 €
Yamaha YZ 450F,2018,130 km,nožni menjalnik,3.950 €
Yamaha YZF 450,2005,10 km,nožni menjalnik,1.990 €
Suzuki Rmz 450,2018,170 km,ročni menjalnik,3.500 €
Yamaha ybr 125,2008,22446 km,nožni menjalnik,2.000 €
Honda CBF 1000 ABS DOBRO OHRANJENA + GARANCIJA CBF1000,2007,44000 km,polavtomatski menjalnik,4.190 €
Yamaha MT-07,2016,30500 km,nožni menjalnik,4.600 €
Honda CBR 600RR 2008,2007,39900 km,nožni menjalnik,4.500 €
BMW K1600GT K 1600 GT,2011,93708 km,nožni menjalnik,9.990 €
Harley-Davidson Fat Bob,2010,64900 km,nožni menjalnik,13.200 €
BMW R1200GS ADVENTURE R 1200 GSA,2014,55158 km,nožni menjalnik,13.990 €
Honda CBF 600 S,2006,55000 km,nožni menjalnik,2.500 €
BMW R1200GS ADVENTURE R 1200 GSA,2014,98481 km,nožni menjalnik,11.890 €
Yamaha Mt10,2020,11500 km,nožni menjalnik,12.490 €
Aprilia Tuono V4 Factory,2021,2500 km,nožni menjalnik,17.990 €
KTM ,2020,84 km,nožni menjalnik,5.300 €
Yamaha super tenere 1200z,2015,67000 km,ročni menjalnik,9.500 €
Yamaha MT09 ABS - odlična Menjam za XSR,2013,47850 km,nožni menjalnik,5.590 €
KTM Sx 65,2017,100 km,nožni menjalnik,2.500 €
Aprilia SX 50,2020,2800 km,nožni menjalnik,2.590 €
Honda CBF 600 N zelo lep cbf600n,2008,36032 km,nožni menjalnik,2.790 €
Honda CRF250R,2011,30000 km,nožni menjalnik,15.990 €
BMW F800GS,2010,54000 km,ročni menjalnik,6.300 €
BMW S1000RR 2020 S 1000 RR,2020,7000 km,polavtomatski menjalnik,19.980 €
BMW K 1600 GT,2014,65000 km,nožni menjalnik,15.200 €
Yamaha FZ6-S,2006,47000 km,ročni menjalnik,3.200 €
Ducati MONSTER 821 M18Facelift,2018,18600 km,nožni menjalnik,8.880 €
KTM 200 SX,2007,150 km,ročni menjalnik,2.700 €
BMW R 850 rt,2001,95000 km,nožni menjalnik,2.800 €
BMW R1200rt,2016,37000 km,nožni menjalnik,13.990 €
Kawasaki Z 900 ABS ,2018,5800 km,nožni menjalnik,8.450 €
Honda crf 450R,2007,46 km,nožni menjalnik,2.800 €
KTM 1290 Super Duke,2018,31500 km,ročni menjalnik,12.290 €
Husaberg fe 570 ,2010,120 km,nožni menjalnik,5.000 €
Honda Cbr 1000rr ,2007,59170 km,nožni menjalnik,4.500 €
BMW R1200 gs adventure,2015,62000 km,polavtomatski menjalnik,14.700 €
Husaberg fe 570 ,2010,120 km,nožni menjalnik,5.000 €
Aprilia Rs 125,2007,39000 km,nožni menjalnik,2.100 €
KTM EXC 300,2019,52 km,ročni menjalnik,7.200 €
Harley-Davidson XL 883N IRON- LE 20.000KM- ODLIČEN-KREDIT BREZ POL,2021,20000 km,ročni menjalnik,8.500 €
BMW S 1000 RR S1000RR,2016,22607 km,nožni menjalnik,14.490 €
Yamaha Yz 85,2007,19000 km,ročni menjalnik,1.750 €
Yamaha Yz 250f,2013,42900 km,nožni menjalnik,6.200 €
Honda CRF250R,2011,1 km,nožni menjalnik,2.250 €
BMW F650 GS,2004,22500 km,nožni menjalnik,3.000 €
BMW R1250GS TRIPLE BLACK R 1250 GS,2021,2700 km,nožni menjalnik,20.500 €
KTM 620 LC4 EGS-E Adventure,1997,32000 km,polavtomatski menjalnik,2.300 €
BMW F650GS ABS F 650 GS,2006,18100 km,nožni menjalnik,3.650 €
KTM 690,2009,41770 km,nožni menjalnik,5.490 €
Kawasaki Z1000,2007,42000 km,nožni menjalnik,5.700 €
Kawasaki Vulcan 900 Classic LT,2012,14000 km,nožni menjalnik,7.200 €
Yamaha FZR1000,1990,60000 km,nožni menjalnik,3.990 €
BMW R1200RT,2005,55000 km,nožni menjalnik,5.800 €
Ducati 959 Panigale - financiranje,2018,30500 km,nožni menjalnik,12.580 €
Yamaha MT 07,2021,3100 km,nožni menjalnik,6.300 €
KTM ADVENTURE 390 - 1.lastnik,2021,1600 km,ročni menjalnik,5.500 €
BMW K1200S,2005,34000 km,nožni menjalnik,4.500 €
KTM Exc-f 250,2017,3 km,nožni menjalnik,5.500 €
BMW 1150RT,2002,120000 km,ročni menjalnik,3.000 €
BMW K 1200 LT,2007,101000 km,nožni menjalnik,7.400 €
Honda deauville,2007,48000 km,ročni menjalnik,2.000 €
Kawasaki z1000,2008,28020 km,nožni menjalnik,5.099 €
Yamaha FZ8S ,2014,17050 km,nožni menjalnik,6.150 €
GasGas txt280,2012,13100 km,nožni menjalnik,2.585 €
Ducati V4 SPECIALE - financiranje,2018,2780 km,polavtomatski menjalnik,34.890 €
Honda nc750xa RC901-3,2019,18726 km,ročni menjalnik,6.600 €
Suzuki V STROM 1000 XT,2017,18000 km,nožni menjalnik,9.290 €
MotoGuzzi V7 SPECIAL STORNELLO KIT,2015,29970 km,ročni menjalnik,5.400 €
BMW R 1200 R R1200R,2007,113823 km,nožni menjalnik,3.990 €
Harley-Davidson Heritage Softail Classic,2016,23350 km,nožni menjalnik,19.000 €
Kawasaki z750,2012,26687 km,nožni menjalnik,4.900 €
Yamaha FZS 1000 fazer,2004,56000 km,nožni menjalnik,3.100 €
Yamaha MT-07 MT07 ,2014,28400 km,nožni menjalnik,4.600 €
Yamaha ,1991,10000 km,nožni menjalnik,600 €
Husqvarna tc 125,2021,2 km,ročni menjalnik,6.000 €
Triumph sprint RS 955i,2000,56000 km,nožni menjalnik,1.800 €
Yamaha FZ1S,2009,40000 km,nožni menjalnik,5.000 €
Honda GL 1800,2011,108000 km,nožni menjalnik,15.990 €
BMW R1200GS,2015,63000 km,nožni menjalnik,11.700 €
Kawasaki kx 125,1993,50500 km,nožni menjalnik,8.600 €
KTM sxf450,2016,2016 km,ročni menjalnik,3.580 €
Kawasaki KMX 125,1992,23000 km,nožni menjalnik,1.400 €
BMW F800 ST,2010,59000 km,nožni menjalnik,4.100 €
Yamaha Fz6,2006,81206 km,ročni menjalnik,2.600 €
Honda Varadero,2005,41686 km,nožni menjalnik,4.200 €
Suzuki GSR 600,2007,21000 km,ročni menjalnik,4.000 €
Suzuki RMZ 250,2016,10 km,nožni menjalnik,3.300 €
Honda Varadero,2004,82000 km,nožni menjalnik,3.650 €
KTM Duke 690,2009,16631 km,nožni menjalnik,3.750 €
Suzuki RF 600 R,1995,50000 km,ročni menjalnik,750 €
KTM SX 50 f,2017,90 km,nožni menjalnik,2.600 €
Honda cbr125r,2007,24500 km,nožni menjalnik,1.000 €
Suzuki SV650S A2,2007,47000 km,nožni menjalnik,2.350 €
Honda CRF 450,2021,55 km,ročni menjalnik,5.700 €
